result_dir,prefix,n,evidence_level,r2_mean,pearson_mean,mae_mean,rmse_mean,normalized_mae_mean,saved_r2_max_abs_difference
results/qm9_ood_flow_ir2raman_vibradit,flow_ir2raman,4004,recomputed_from_saved_predictions,0.809004660065961,0.9119537802582531,0.012531729599764002,0.03683785648902164,0.012533982867993341,5.978350653135234e-07
results/qm9_ood_flow_raman2ir_vibradit,flow_raman2ir,4004,recomputed_from_saved_predictions,0.6350267106849499,0.8128579258357665,0.015808720017089613,0.049346123964990544,0.01581158974332113,6.12392395904493e-07
results/mols_ood_flow_ir2raman_vibradit,flow_ir2raman,37570,recomputed_from_saved_predictions,0.7621377928338856,0.8906666257402212,0.01375575871865833,0.039539620630929403,0.013758117623489843,1.0846687867882565e-06
results/mols_ood_flow_raman2ir_vibradit,flow_raman2ir,37570,recomputed_from_saved_predictions,0.6010132573322865,0.7893019713369758,0.016433622678127525,0.05095984002548502,0.016436350420672336,8.380589769929614e-07
results/pahs_ood_flow_ir2raman_vibradit,flow_ir2raman,860,recomputed_from_saved_predictions,-0.0477708906456878,0.5563940251164269,0.025331402825570132,0.07581120423893718,0.025333492138122103,1.0692314009741466e-06
results/pahs_ood_flow_raman2ir_vibradit,flow_raman2ir,860,recomputed_from_saved_predictions,0.27153456464253123,0.5545459869434419,0.024092646896992233,0.07382751402126199,0.024095641979655195,6.3106173150973e-07
results/zinc15_ood_flow_ir2raman_vibradit,flow_ir2raman,10883,recomputed_from_saved_predictions,0.497022623509738,0.7573559160199443,0.022246297872962017,0.06208949004433092,0.02224991226757497,8.428831255180569e-07
results/zinc15_ood_flow_raman2ir_vibradit,flow_raman2ir,10883,recomputed_from_saved_predictions,0.37524132053733544,0.6506365242758344,0.020904744502545373,0.06461786567456626,0.020907632801887066,8.380589769929614e-07
results/geom_ood_flow_ir2raman_vibradit,flow_ir2raman,5659,recomputed_from_saved_predictions,0.8422397424800856,0.9319372612676005,0.011723092417081962,0.034657827550034374,0.011725701731437995,6.204723020653002e-07
results/geom_ood_flow_raman2ir_vibradit,flow_raman2ir,5659,recomputed_from_saved_predictions,0.6556059945853869,0.8379353682686267,0.015805494102718663,0.04928223576922027,0.015809306330944392,6.156723088013294e-07
results/peptide_ood_flow_ir2raman_vibradit,flow_ir2raman,5191,recomputed_from_saved_predictions,0.4618546613055046,0.7230529491264676,0.03901875531906129,0.08062833055115746,0.039038421037200455,6.432481690910041e-07
results/peptide_ood_flow_raman2ir_vibradit,flow_raman2ir,5191,recomputed_from_saved_predictions,0.06263544348541228,0.4396945773095346,0.035457944316287245,0.0881988539711359,0.035469406697278605,8.09580809335575e-07
results/peptide_mod_ood_flow_ir2raman_vibradit,flow_ir2raman,2511,recomputed_from_saved_predictions,0.35478485383825,0.6530699542427683,0.04412932526983569,0.09110353988690656,0.04415296582089552,6.154670672622875e-07
results/peptide_mod_ood_flow_raman2ir_vibradit,flow_raman2ir,2511,recomputed_from_saved_predictions,-0.011109604726011985,0.4219755257122368,0.03789623969197301,0.09105587897553556,0.03790874404492434,8.07855980666794e-07
results/nist_ir_ood_flow_ir2raman_vibradit,flow_ir2raman,2588,recomputed_from_saved_predictions,0.4944692831372801,0.7521487808444323,0.0199103145320278,0.05898016629394575,0.019913029569727434,9.318629170529391e-07
results/nist_ir_ood_flow_raman2ir_vibradit,flow_raman2ir,2588,recomputed_from_saved_predictions,0.38760803877639194,0.6509684118795958,0.019945772942196377,0.06445667860990993,0.01994846396472379,6.923645080592067e-07
