index,r2,pearson,mae,rmse,normalized_mae,pearson_baseline_corrected,rruff_id,mineral_name
0,-0.2216087514086751,0.6956492738374345,0.2359495162119791,0.3098440032533263,0.235949513852484,0.0374941675853772,r040009,diopside
1,-0.3891843946120479,-0.2548567818875654,0.2346994168882464,0.3464045553669615,0.2346994145412523,-0.151557298832033,r040018,forsterite
2,-2.425535348374834,-0.293867675199713,0.1853627771640621,0.2237483866891554,0.1853627753104344,0.441527785682171,r040036,baryte
3,-3.69873941824904,-0.2464325303418744,0.2809449823458335,0.3183724394563247,0.2809449795363837,0.5257351191306473,r040037,strontianite
4,-1.847846631872472,-0.7582336421566142,0.4593319065696184,0.5308803790624939,0.4593319019762994,-0.123350203475827,r040039,fluorophlogopite
5,0.4645163179516078,0.7692596913455245,0.1453135569354166,0.1733181606101712,0.145313555482281,0.2674565686824592,r040045,tremolite
6,-0.030076203896195,0.8163359168782985,0.1267071936296874,0.1424747262472622,0.1267071923626155,0.3799857535811198,r040059,anorthite
7,-3.497590164870052,-0.3982883250919815,0.5018891497291667,0.5743899368447162,0.5018891447102752,0.018210272087927,r040062,montebrasite
8,-0.6940852899543,0.2150059804873925,0.0742067565364756,0.0975880352597777,0.0742067557944081,0.530624742210883,r040066,grossular
9,-1.784880989671676,-0.6250375759000488,0.248703675736979,0.2918990506972778,0.2487036732499423,0.3959517283826415,r040071,humite
10,0.6311856434687695,0.818704291945969,0.0563476333239582,0.0737937239563212,0.0563476327604819,0.5775226099289238,r040072,cassiterite
11,-0.1526436625606113,0.2201365469708534,0.0834813306179861,0.1660702384045517,0.0834813297831728,0.1098302915354681,r040083,columbite-(mn)
12,-3.125321047405776,-0.7433944640712645,0.5936373951175343,0.685368038267683,0.5936373891811605,0.2587759143820878,r040091,hausmannite
13,-2.024459031428745,-0.6658523769107567,0.5117016056286456,0.5917397424219887,0.5117016005116297,-0.0303142016649209,r040097,diopside
14,-0.617496464340302,0.6270248472966481,0.148100397578125,0.1655386077548078,0.148100396097121,0.0851206552388946,r040101,trilithionite
15,0.0944504874848335,0.5726006118467818,0.1469129111180556,0.1642382543076082,0.1469129096489265,0.1565379592063933,r040107,leucite
16,-1.212499826623228,-0.0170802962957615,0.1781600451485588,0.2150640399587335,0.1781600433669584,0.2973242842256139,r040112,natrolite
17,0.151471416154996,0.5968081250217696,0.0422693741063159,0.0692292179508729,0.0422693736836222,0.5957798059186167,r040114,magnesite
18,-1.1008639439231152,-0.2103235283968999,0.1995762766994791,0.2544492707489627,0.1995762747037164,0.5561216967520752,r040133,rhodochrosite
19,0.1577103255943264,0.5937782534446503,0.0707355474819444,0.1042776803013855,0.0707355467745889,0.6173787958871545,r040167,conichalcite
20,-2.1896872463176367,-0.483971415316517,0.5408353497053819,0.6569026153062656,0.5408353442970285,-0.3030656844978643,r050009,calcite
21,-0.7628142591449103,0.3165581586076599,0.2074109480654514,0.2251583432924706,0.207410945991342,0.2700046596982002,r050010,dioptase
22,0.3012862274505687,0.6189613473996963,0.1737335657611111,0.2174531601384467,0.1737335640237754,0.5960606985076414,r050014,chabazite-ca
23,0.07552921673471,0.3309737717307157,0.0786334120175347,0.1165536031639152,0.0786334112312005,0.4459990182597411,r050023,cerussite
24,0.5057594945382848,0.8063245718423111,0.1102373348121528,0.152995232713384,0.1102373337097795,0.427280462621286,r050026,axinite-(fe)
25,0.8876216016127891,0.9534413446584232,0.0332164483209201,0.0556326499961329,0.0332164479887556,0.8803027427673057,r050031,rutile
26,0.3800358894785718,0.6612871340094504,0.0264196811226041,0.0646407475566232,0.0264196808584073,0.6531976337847618,r050037,descloizite
27,-0.5720367935711954,-0.2534036981187348,0.2025188430625695,0.2605736598984023,0.2025188410373811,-0.0853848187136943,r050042,lawsonite
28,-0.6750831957213275,-0.6925587181558389,0.3169230664236109,0.379614685912466,0.3169230632543803,0.1196968877572575,r050046,fluorite
29,-1.4574383931221335,0.0833062881633382,0.1232199807645661,0.1526391462792991,0.1232199795323663,0.621740659293693,r050048,calcite
30,-2.141415419127018,0.4297989238415344,0.109347612281927,0.1282017640107853,0.1093476111884509,0.3283882473207394,r050052,anglesite
31,-0.6721984980915983,0.0230416430528067,0.1097692823152777,0.1415155790527635,0.1097692812175848,0.4091669749934903,r050063,spessartine
32,-0.2091497110679736,-0.1849163693116839,0.3200113185815971,0.355589722032836,0.320011315381484,0.3377377666929125,r050070,pyrite
33,-1.999777245808516,0.49173408706933,0.2191091620451389,0.2416509540731289,0.2191091598540473,0.5103084954747552,r050072,cinnabar
34,-1.1533408864300796,0.6688877623979577,0.1216442276874998,0.1365488194117262,0.1216442264710575,0.5235488001409356,r050078,phillipsite-ca
35,0.5772903670478987,0.8524881732989609,0.1205760063003472,0.1622768222224746,0.1205760050945871,0.3049070023897609,r050079,staurolite
36,-0.3078321256555156,-0.2151164569095733,0.2401572057062674,0.2901227355330723,0.2401572033046954,-0.0391081731891382,r050084,fluorapophyllite-(k)
37,-2.275538088459754,0.615105039219468,0.1352230546315971,0.1478053205589932,0.1352230532793666,0.3994731364695213,r050094,analcime
38,-2.622494078580337,0.7344144349614874,0.2024051736160766,0.2127451225952706,0.2024051715920249,0.4687507400330526,r050103,thomsonite-ca
39,-2.9625256167977496,-0.6674872038639114,0.5532932556597218,0.635837735236309,0.5532932501267893,-0.1290920287468589,r050108,pyrophyllite
40,-1.2498890675187306,-0.1657480799232613,0.1164589355340277,0.1421870976640654,0.1164589343694383,0.347060753949977,r050125,quartz
41,-0.2959388322944907,0.3825860501511137,0.0510105844394964,0.0712224080257274,0.0510105839293906,0.5478505861292984,r050130,calcite
42,-1.9871006294101208,0.5571572360422756,0.1754405029024306,0.1902422521852383,0.1754405011480256,0.212081032551388,r050132,polylithionite
43,-2.9618230542137742,0.4062447883396987,0.1420999736817015,0.169343227539043,0.1420999722607017,0.2805981953777652,r050137,phenakite
44,-0.434982025729862,0.3862069358559019,0.0595310514378472,0.1143575789240178,0.0595310508425367,0.4839744586193439,r050139,hubnerite
45,-0.8191861595673375,-0.0912939419914137,0.2148816534236112,0.252381507967697,0.2148816512747947,0.3939482640472041,r050140,sphalerite
46,-8.963159801256367,0.1608985805962882,0.2013832446026215,0.212195201477213,0.2013832425887891,-0.0320520290889051,r050145,silicon
47,-1.9402599308200064,-0.4264807103018241,0.4428062354079858,0.4928728806286373,0.4428062309799235,0.0611035550856455,r050166,sylvite
48,-0.1713468203201924,0.3021955636922838,0.1535877898651388,0.197418997833592,0.153587788329261,0.2283826238899235,r050178,xenotime-(y)
49,-0.6429121888944491,-0.1531627123957374,0.1015367433900504,0.1754178350948423,0.101536742374683,-0.1020143681662457,r050184,spinel
50,0.0397454517177153,0.3647972271510327,0.2524941103489582,0.2864557438799539,0.2524941078240171,0.2335379681657189,r050187,stannite
51,0.3972909964629852,0.7005540927082158,0.1509331790809028,0.1905285473180255,0.150933177571571,0.0992645675874182,r050188,muscovite
52,-1.697163389557566,-0.0005297077610054,0.4001847168644093,0.5016939669808902,0.4001847128625622,-0.0507202688863459,r050200,topaz
53,-1.6846025861423355,-0.2278255804151638,0.2626638665434027,0.2991386719576793,0.2626638639167641,-0.0384351055814451,r050210,tremolite
54,0.2825096188286422,0.6500093682689693,0.0919484729375,0.1304814202167907,0.0919484720180153,0.625820137129949,r050216,volborthite
55,-0.1482388473800184,0.7829047226768052,0.2849274872866315,0.361573965991835,0.2849274844373567,0.3291865588604953,r050240,whewellite
56,-1.2394176879502723,-0.4243105899041615,0.3833678272966494,0.520020986735326,0.3833678234629712,0.4662306130479707,r050241,dolomite
57,-0.806524435704006,0.4658486852283787,0.1134521202659723,0.1419873668583542,0.1134521191314511,0.5115107638299797,r050249,volborthite
58,-2.990480520152743,-0.6458887004730622,0.5333288495156255,0.6120479174508395,0.5333288441823372,-0.0542132129064979,r050252,spodumene
59,-0.1224800913989605,0.621200035293143,0.2408068187752428,0.2953551661647967,0.2408068163671747,0.5219781604320326,r050254,hopeite
60,-1.808298875921244,-0.3647690935223396,0.2606012786961805,0.3102386838096282,0.2606012760901677,0.3148871352214773,r050255,carletonite
61,-0.0724330361880392,0.1672079308266541,0.1216749781878471,0.1575929711736359,0.1216749769710974,0.2360294991143859,r050276,tschermigite
62,-0.3215189040331598,0.1861461078719432,0.2341799227439237,0.2693791331824265,0.2341799204021245,0.3247766406033341,r050281,garronite-ca
63,-2.9952280713558848,-0.6536825974099846,0.4909621805486107,0.5441664268044129,0.490962175638989,0.4739941617199845,r050284,probertite
64,-0.0172851672825253,0.6701823802950382,0.0453827977799825,0.0772551704444998,0.0453827973261545,0.5343767279635586,r050287,cryolite
65,-0.5942739985399261,0.4602040553491241,0.0710342457140624,0.1005253988252806,0.0710342450037199,0.4757749418841447,r050294,rosasite
66,-0.8446600159299453,0.1430474055492165,0.1563826048980401,0.1828242287313554,0.1563826033342141,0.6134834425687762,r050303,epidote
67,-0.9939172813504726,-0.1675076909754766,0.1384013556595486,0.174986548748811,0.1384013542755351,0.4203515960463979,r050305,beryl
68,0.1742015545568498,0.8722419768851872,0.1579773744253473,0.2032161059527866,0.1579773728455736,0.5055865381833419,r050310,pearceite
69,-2.829027180682256,0.3242810816040892,0.2026294807515103,0.2122091503033658,0.2026294787252155,0.2562856584181241,r050320,benitoite
70,-1.4806763851446232,-0.4116461102867756,0.3202918606128476,0.3688030254984879,0.320291857409929,0.3693833712716297,r050331,colemanite
71,-4.10439039676884,-0.7801729688114837,0.3101040996173609,0.3388065916394388,0.31010409651632,0.3266090451935645,r050347,beryl
72,0.1139189887341934,0.3937356385831873,0.1528587355670488,0.2433095983124468,0.1528587340384615,-0.055408536124248,r050369,fluorapatite
73,0.0078438038151095,0.7507199228488293,0.142891790467014,0.1657970579593294,0.1428917890380961,0.3110660774234809,r050373,enargite
74,-0.0687639587935593,0.0418294992585336,0.1583726369499825,0.2427049149878844,0.1583726353662562,0.0341125174052627,r050382,heterogenite
75,-0.0172960382962645,0.4337645621747252,0.1679375609331598,0.2192143206908762,0.1679375592537842,0.3861399089213291,r050384,cuprite
76,-0.1117608998189128,0.1258320625638656,0.1925277186779513,0.2302250346481234,0.1925277167526741,0.5591687317691575,r050387,ganomalite
77,-0.3953640306560391,0.5138620300529242,0.0454256970001735,0.0739504623341238,0.0454256965459166,0.4901895589212439,r050394,nitratine
78,-0.7713250189811249,0.673005016464915,0.3664418691959548,0.4623608318096455,0.3664418655315362,0.2275716802829203,r050399,magnesiochromite
79,-1.077221918088263,0.0821537888372389,0.163325427994618,0.2131438832430795,0.1633254263613637,0.6314181625889265,r050400,cavansite
80,-6.564579805080467,0.056742738235576,0.1790433148854165,0.2029512770081357,0.1790433130949834,0.2682657713728439,r050402,albite
81,-0.1743798514070655,0.7210720584498421,0.2521692168999998,0.3392560257203412,0.2521692143783077,0.2449154416544341,r050406,diopside
82,-0.240164251521457,0.2932202333458517,0.0586332592375,0.0819673061895652,0.0586332586511674,0.4430010481216852,r050409,bastnasite-(ce)
83,-0.2546665522199434,0.4922365629783899,0.2884426683095488,0.363244891028073,0.2884426654251222,0.1682999261184622,r050420,priceite
84,0.196403375141661,0.6985570813628201,0.1694837426440974,0.2333375588408031,0.16948374094926,0.0785563244059663,r050423,bakerite
85,-1.3724039884615582,0.5343056345598355,0.233238939734375,0.2556137561922115,0.2332389374019857,0.5299828345630887,r050429,baumhauerite
86,-0.1691730324445166,0.3679694254872933,0.2414812712083328,0.2622684103456798,0.2414812687935201,0.2794480166602197,r050451,chalcophanite
87,-0.6730718179801372,-0.3838103286830786,0.2420384632835069,0.2918600272292924,0.2420384608631224,0.076215039964157,r050454,lepidocrocite
88,0.2375708691968463,0.7799459310562138,0.1178246649019096,0.1875829523051678,0.117824663723663,0.1507608707520567,r050455,brucite
89,0.2969969925124507,0.7459190479063224,0.1402815173517361,0.1745262726596705,0.140281515948921,0.2181055059612157,r050457,hydrotalcite
90,0.272574356167516,0.6954066872618138,0.0896396378717014,0.1164758562444282,0.089639636975305,0.5359240551634789,r050463,parahopeite
91,0.2582854637660574,0.5485069210025729,0.0866258340442534,0.1387518079801941,0.086625833177995,0.6101124375005224,r050471,natrojarosite
92,0.0176073173494638,0.5277507974160286,0.1183343922394096,0.1697656582958981,0.1183343910560657,0.379515863544607,r050477,vonsenite
93,-1.9640356422451128,-0.4339531080571584,0.510644431226059,0.6351919429837373,0.5106444261196147,0.4926374039487126,r050484,benstonite
94,-0.3096841823111693,0.0641854248900194,0.1519879729769097,0.1752035576198094,0.15198797145703,0.555102572652026,r050491,ulexite
95,-4.763921979798666,0.312523831176858,0.128400025649807,0.1564032487561363,0.1284000243658067,0.4068081613701201,r050494,triphylite
96,-1.7788316257053336,-0.8077608317508052,0.4615404573368055,0.5451519687303238,0.461540452721401,0.1254475533840979,r050499,trona
97,0.844447397206642,0.9418865657214918,0.0384640560694444,0.0674702150323193,0.0384640556848038,0.6922004161200785,r050502,cassiterite
98,-2.59592744804833,-0.6905186486792679,0.4478584947743053,0.5168692374733155,0.4478584902957204,0.4987393197421921,r050518,hydroxylherderite
99,-0.2693433919240389,0.5531417107381518,0.0687846868556076,0.0927352262854788,0.0687846861677607,0.613335706448513,r050527,mimetite
100,-4.2443214226877375,-0.4659546963563835,0.3593943551462499,0.3998815098139542,0.3593943515523065,0.6338517999404855,r050533,vanadinite
101,-1.3031727763868313,0.071133101025954,0.2464967096760417,0.2788978711734561,0.2464967072110746,0.5884400776836276,r050542,ferrimolybdite
102,0.2035907323897688,0.5892947914111117,0.1276260559280589,0.1701559237577806,0.1276260546517984,0.2453131357020333,r050565,schrockingerite
103,-0.7467153109016649,0.5285747931054956,0.1138836499600346,0.1334947912044861,0.1138836488211981,0.5140491123779342,r050590,vayrynenite
104,0.5612525772338919,0.8094409775509175,0.0497761261076389,0.091239368475102,0.0497761256098776,0.5909779407210407,r050591,brookite
105,-0.118031100398013,-0.0074467286732642,0.2969106509131942,0.3358954055578787,0.2969106479440878,0.3188240770901833,r050609,polydymite
106,0.1964207793904288,0.4803920866780764,0.15493311203125,0.2044148302028594,0.1549331104819189,0.1619544835320693,r050612,meta-autunite
107,-5.371663514179157,0.0557542380353614,0.0928656352112846,0.1427739185189322,0.0928656342826282,0.3405953406358677,r050623,euclase
108,0.3143866643421763,0.6970397590090783,0.068635144147743,0.08486731540365,0.0686351434613916,0.6721992660049007,r050625,fluorcalciomicrolite
109,-3.013748732941845,-0.5881769095436276,0.503144054498264,0.563939991460797,0.5031440494668236,0.4425136992430267,r050627,bahianite
110,-1.260332512563508,0.5541909371371688,0.3542223956224479,0.4394180691994371,0.354222392080224,0.4792453899550575,r050638,azurite
111,-1.2604639937950286,-0.1460259979858389,0.1985548514635416,0.2261608976268373,0.1985548494779931,0.4028979867145845,r050640,phosgenite
112,-0.1097656459041036,0.6135384125640007,0.128946378956684,0.1928952899594786,0.1289463776672202,0.4583949609232977,r050651,aphthitalite
113,0.120432133114487,0.6190174170463871,0.0381963912974305,0.0800216237583171,0.0381963909154666,0.4276447692718335,r050652,willemite
114,-0.7567263562235005,0.2676476965975457,0.1307494771690972,0.1533196425921336,0.1307494758616025,0.3956054696776909,r050674,warwickite
115,-0.35658048098935,0.7266143348718789,0.2580823558045486,0.3543086855201426,0.2580823532237251,0.255482513111926,r060002,senarmontite
116,-1.0553812712705213,0.0148928606966457,0.1466190351677083,0.2070759724150257,0.146619033701518,0.3397557404293389,r060003,elbaite
117,-0.1373441251958542,0.7148882546442131,0.2015707213305555,0.257679420440705,0.2015707193148483,0.74096816898089,r060022,yttrotantalite-(y)
118,-3.0035151021370465,-0.6009466472226538,0.3829694988368058,0.4436986012592873,0.3829694950071108,0.5959840008106061,r060029,edenite
119,0.1978571467017357,0.6454072874289924,0.1297631650817708,0.2073696398868291,0.1297631637841391,0.2796190339686581,r060039,spodumene
120,-0.0851355632836461,0.732833096950689,0.1426690474053818,0.1597607254089877,0.1426690459786913,0.2565221504574769,r060041,actinolite
121,0.3867779697184424,0.7458474674483658,0.1737709384947221,0.2191023654238104,0.1737709367570127,0.2720799364816664,r060045,actinolite
122,-0.3318036800913004,0.5593448400781079,0.073217466283611,0.0953391145783917,0.0732174655514364,0.5276586539905023,r060052,viitaniemiite
123,-0.7983290465386355,-0.2644748208713115,0.1125262522868056,0.1453103676191111,0.112526251161543,0.224739041404844,r060063,eudidymite
124,-1.8373568919117973,-0.652357859884705,0.4784002649548611,0.5625962242097642,0.4784002601708585,0.1542309421462342,r060064,elpidite
125,-1.3252850644070748,0.5069288014338138,0.4382559826934376,0.5123741287847802,0.4382559783108778,0.0920413355469362,r060070,fluorapatite
126,0.1560063211518627,0.8118352565319893,0.2973883380871529,0.3567842096637633,0.2973883351132696,0.401809692995433,r060072,pargasite
127,-3.659167361978583,-0.749988574476556,0.5087113607841145,0.5787821021698141,0.508711355697001,0.3222697294084909,r060075,senarmontite
128,-1.6893303034080804,-0.4065810312566345,0.3690217371421876,0.4302049587008056,0.3690217334519703,0.43861321083185,r060089,mooreite
129,-3.71888047974954,-0.0076135814352733,0.1385047479444442,0.1731707118818402,0.1385047465593968,0.0926862468583175,r060096,reedmergnerite
130,0.2826458157079923,0.660203743860367,0.0978990555660764,0.1286986258649247,0.0978990545870859,0.6224890694566432,r060097,argentojarosite
131,-1.1090675320295245,-0.3890899784536896,0.1284058704946181,0.1512541121541203,0.1284058692105594,0.3080848559203867,r070001,orthoclase
132,-0.2097596143321816,0.0842967795335417,0.3011885819690971,0.3442862335027516,0.3011885789572113,0.3569396440603449,r070087,betekhtinite
133,-0.1866734625150539,0.3092728286435987,0.1759410533576389,0.2090073992103709,0.1759410515982284,0.5086199322265426,r070092,clinoclase
134,-1.6896288861095372,-0.6297936860826254,0.3607617914281248,0.4197979851651799,0.360761787820507,-0.0433822394482969,r070096,delhayelite
135,-0.9839843354234376,0.1779785686768041,0.0680640221048611,0.1148564413951902,0.0680640214242209,0.3170824013833594,r070129,almandine
136,-1.2170479560741736,-0.6327613907899932,0.4473662986694443,0.5162658447482763,0.4473662941957814,0.3091178380716688,r070130,pumpellyite-(mg)
137,-2.1096850352602408,-0.524934716981142,0.4642905941192706,0.5572559233660305,0.4642905894763647,0.7242906773216378,r070161,samarskite-(y)
138,-1.437574535142704,-0.1288082041039901,0.361015642857639,0.4178804770485309,0.3610156392474826,0.2108205030260047,r070168,borax
139,0.0659087080245834,0.4407845626802358,0.2558925792152774,0.2909858811478603,0.2558925766563517,0.4134027345833224,r070177,berthierite
140,-0.2428388345504901,0.0416534148038072,0.3658138150291664,0.4246319150679445,0.3658138113710283,0.1668274982467136,r070254,petzite
141,-4.116633188145782,-0.0176132047712299,0.188101579766493,0.2090228651860567,0.1881015778854772,0.6546283505931926,r070285,langbeinite
142,0.3034216800007101,0.5822483489653949,0.1912098865338539,0.2427490036986868,0.1912098846217551,0.1864946418001742,r070286,nontronite
143,0.0260042573359676,0.2431204849142505,0.290054801776042,0.3343103163090205,0.290054798875494,0.1857886703963179,r070292,halite
144,0.2817819340436227,0.6031426528881081,0.139612116359375,0.1785100794603385,0.1396121149632538,0.20511772661378,r080044,allanite-(ce)
145,-0.0449475496704989,0.2535459237632544,0.1080080950220658,0.1971851918156139,0.1080080939419849,0.2546953707504968,r080102,fergusonite-(ce)-beta
146,-3.392036772285244,0.458954438495824,0.2074413985389757,0.2219786081137766,0.2074413964645617,0.2065441779127779,r090030,inesite
