path,n,r2_mean,r2_median,r2_molecule_sd,r2_negative_fraction,r2_nonfinite,index_unique,index_max,evidence_level,other_metrics_n,same_metric_indices,ssim_mean,psnr_mean,js_div_mean,pearson_mean
results/flow_ir2raman_r2_per_sample.csv,2588,0.49942289451313754,0.646706,0.4875291906087626,0.12442040185471406,0,True,2587,saved_metrics_only,2588,True,0.7477528195517774,25.707456119783615,0.2737052720247295,
results/flow_raman2ir_r2_per_sample.csv,2588,0.38452878709428134,0.427609,0.4040642203462129,0.1394899536321484,0,True,2587,saved_metrics_only,2588,True,0.6136020181607419,24.741147248840807,0.32591940842349304,
results/geom_ood_flow_ir2raman_vibradit/flow_ir2raman_r2_per_sample.csv,5659,0.8422397331684044,0.879144,0.1416127446027605,0.004771160982505743,0,True,5658,saved_metrics_only,5659,True,0.9140950581374802,29.68922598975084,0.1696615198798374,
results/geom_ood_flow_raman2ir_vibradit/flow_raman2ir_r2_per_sample.csv,5659,0.6556059998232904,0.721248,0.2805481001392869,0.031100901219296696,0,True,5658,saved_metrics_only,5659,True,0.8118724426577133,26.9976236891677,0.2301752594097897,
results/geom_ood_vae_ir2raman/vae_ir2raman_r2_per_sample.csv,5659,0.8111093617246863,0.840869,0.13131090470179888,0.0028273546562996997,0,True,5658,saved_metrics_only,5659,True,0.8936126220180244,28.661626981975612,0.2230003530659127,
results/geom_ood_vae_raman2ir/vae_raman2ir_r2_per_sample.csv,5659,0.631663369853331,0.67669,0.2427595406190884,0.022442127584378864,0,True,5658,saved_metrics_only,5659,True,0.7861421563880545,26.391744344053723,0.2704879787948401,
results/mols_ood_flow_ir2raman_vibradit/flow_ir2raman_r2_per_sample.csv,37570,0.762137795581581,0.875764,0.3215979168318263,0.0328719723183391,0,True,37569,saved_metrics_only,37570,True,0.8750427931860527,29.12018673324461,0.19798799741815282,
results/mols_ood_flow_raman2ir_vibradit/flow_raman2ir_r2_per_sample.csv,37570,0.6010132569603407,0.6584464999999999,0.2652613000426828,0.02789459675272824,0,True,37569,saved_metrics_only,37570,True,0.7327835647591163,26.740573169017832,0.277545572531275,
results/mols_ood_vae_ir2raman/vae_ir2raman_r2_per_sample.csv,37570,0.7777810567207878,0.9262885000000001,0.33771207048778723,0.03521426670215597,0,True,37569,saved_metrics_only,37570,True,0.8808778255789194,30.49056987026883,0.22389280098482833,
results/mols_ood_vae_raman2ir/vae_raman2ir_r2_per_sample.csv,37570,0.7245174813681129,0.911127,0.317846097892856,0.03183391003460208,0,True,37569,saved_metrics_only,37570,True,0.8315628168485494,30.450979120867714,0.25096999031141864,
results/nist_ftir_qm9s_overlap/eval_all84_aligned/flow_ir2raman_r2_per_sample.csv,84,-0.9865542619047619,-0.753342,1.1773253197927034,0.9166666666666666,0,True,83,saved_metrics_only,84,True,0.29101639285714287,19.258019940476192,0.5299278928571429,
results/nist_ftir_qm9s_overlap/eval_qm9s_test/flow_ir2raman_r2_per_sample.csv,3,-1.959814,-2.53959,1.4280265094377627,1.0,0,True,2,saved_metrics_only,3,True,0.12008033333333333,17.255354,0.6389563333333333,
results/nist_ftir_qm9s_overlap/eval_qm9s_test_aligned/flow_ir2raman_r2_per_sample.csv,12,-0.4425911666666667,-0.32908400000000004,0.4947452728496359,0.9166666666666666,0,True,11,saved_metrics_only,12,True,0.36002275,20.48502375,0.5139074166666666,
results/nist_ftir_qm9s_overlap/eval_qm9s_test_full/flow_ir2raman_r2_per_sample.csv,12,-1.5140494999999998,-1.2301165,0.9399400893345664,1.0,0,True,11,saved_metrics_only,12,True,0.13505116666666664,18.07584608333333,0.6176221666666667,
results/nist_ir_ood_flow_ir2raman_vibradit/flow_ir2raman_r2_per_sample.csv,2588,0.4944692890262751,0.6041135,0.4296523036659611,0.10046367851622875,0,True,2587,saved_metrics_only,2588,True,0.7177019420401854,25.23397870595054,0.3026947488408037,
results/nist_ir_ood_flow_raman2ir_vibradit/flow_raman2ir_r2_per_sample.csv,2588,0.3876080517774343,0.384804,0.31316905621885033,0.07843894899536322,0,True,2587,saved_metrics_only,2588,True,0.5704609072642968,24.312462073802163,0.3453389180834621,
results/nist_ir_ood_vae_ir2raman/vae_ir2raman_r2_per_sample.csv,2588,0.4700383021638331,0.612366,0.47062105066591536,0.12828438948995363,0,True,2587,saved_metrics_only,2588,True,0.7213355981452859,25.235174813369397,0.3220182391808346,
results/nist_ir_ood_vae_raman2ir/vae_raman2ir_r2_per_sample.csv,2588,0.37629654366306026,0.4045525,0.3891657650331162,0.11591962905718702,0,True,2587,saved_metrics_only,2588,True,0.60511853438949,24.525117971406488,0.3604631035548686,
results/openspecy/flow_ir2raman/flow_ir2raman_r2_per_sample.csv,90,-0.7157768444444444,-0.289365,1.1564670565724984,0.8222222222222222,0,True,89,saved_metrics_only,90,True,0.12669421111111112,13.998676322222224,0.3747700111111111,
results/openspecy_rruff_576_ordered_p1/flow_ir2raman/flow_ir2raman_r2_per_sample.csv,147,-1.041316224489796,-0.617497,1.5102050436092327,0.7482993197278912,0,True,146,saved_metrics_only,147,True,0.16879767346938773,13.056311027210883,0.39402709523809526,
results/openspecy_rruff_576_vae_ordered/vae_ir2raman_r2_per_sample.csv,147,-1.2522690544217687,-0.45671,3.2548953876603615,0.6598639455782312,0,True,146,saved_metrics_only,147,True,0.18573674149659863,13.296943904761905,0.3483829523809524,
results/openspecy_rruff_576_vae_within95/vae_ir2raman_r2_per_sample.csv,100,-1.0302114700000002,-0.34568849999999995,2.0303261539912243,0.77,0,True,99,saved_metrics_only,100,True,0.15992847,13.472806409999999,0.3683151,
results/openspecy_rruff_576_vae_within95_deterministic/vae_ir2raman_r2_per_sample.csv,100,-1.0226113999999997,-0.3214265,2.0126277632238394,0.77,0,True,99,saved_metrics_only,100,True,0.16581126000000002,13.496356690000002,0.36593197000000005,
results/openspecy_rruff_576_vae_within95_train_check/vae_ir2raman_r2_per_sample.csv,1920,-0.8960880630208334,-0.232658,2.1681378833359677,0.6791666666666667,0,True,1919,saved_metrics_only,1920,True,0.18810516041666667,13.660457833854167,0.3504760442708334,
results/pahs_ood_flow_ir2raman_vibradit/flow_ir2raman_r2_per_sample.csv,860,-0.047770898837209315,0.16336250000000002,0.7002302041082846,0.4,0,True,859,saved_metrics_only,860,True,0.5376279313953488,22.68271356511628,0.3732307569767441,
results/pahs_ood_flow_raman2ir_vibradit/flow_raman2ir_r2_per_sample.csv,860,0.2715345767441861,0.2422165,0.22126768378830874,0.07441860465116279,0,True,859,saved_metrics_only,860,True,0.4276403918604651,23.053873460465116,0.37908035232558135,
results/pahs_ood_vae_ir2raman/vae_ir2raman_r2_per_sample.csv,860,-0.15297636744186044,0.1013525,0.780290942223898,0.436046511627907,0,True,859,saved_metrics_only,860,True,0.5106846872093023,22.287327623255813,0.4083146023255814,
results/pahs_ood_vae_raman2ir/vae_raman2ir_r2_per_sample.csv,860,0.2521292906976744,0.25959299999999996,0.2850370145459133,0.17209302325581396,0,True,859,saved_metrics_only,860,True,0.5173168697674418,23.059791334883723,0.3996896244186046,
results/peptide_mod_ood_flow_ir2raman_vibradit/flow_ir2raman_r2_per_sample.csv,2511,0.35478485623257666,0.369952,0.21846791796434034,0.06371963361210672,0,True,2510,saved_metrics_only,2511,True,0.5669581724412585,21.16910965830347,0.34349843130227,
results/peptide_mod_ood_flow_raman2ir_vibradit/flow_raman2ir_r2_per_sample.csv,2511,-0.011109609717244126,0.064,0.3021371137790986,0.37674233373158106,0,True,2510,saved_metrics_only,2511,True,0.384797002787734,20.964662475109517,0.37920443807248105,
results/peptide_mod_ood_vae_ir2raman/vae_ir2raman_r2_per_sample.csv,2511,0.4314524639585822,0.439636,0.19342744368187204,0.012345679012345678,0,True,2510,saved_metrics_only,2511,True,0.6167638630027878,21.71406445360414,0.3389743154121864,
results/peptide_mod_ood_vae_raman2ir/vae_raman2ir_r2_per_sample.csv,2511,0.010770031063321386,0.033912,0.163381276110422,0.3843090402230187,0,True,2510,saved_metrics_only,2511,True,0.28973701632815607,20.95745135005974,0.4245178960573477,
results/peptide_ood_flow_ir2raman_vibradit/flow_ir2raman_r2_per_sample.csv,5191,0.4618546632633404,0.476011,0.20324925122503515,0.012906954344057022,0,True,5190,saved_metrics_only,5191,True,0.6717632641109613,22.283015256405317,0.3259674771720285,
results/peptide_ood_flow_raman2ir_vibradit/flow_raman2ir_r2_per_sample.csv,5191,0.06263544654209209,0.096123,0.2589807550768012,0.32864573299942207,0,True,5190,saved_metrics_only,5191,True,0.40864963552302064,21.208902889231364,0.37730038451165476,
results/peptide_ood_vae_ir2raman/vae_ir2raman_r2_per_sample.csv,5191,0.5173709711038336,0.537472,0.190421151990321,0.006164515507609324,0,True,5190,saved_metrics_only,5191,True,0.683742982277018,22.780227192255825,0.3228583787324215,
results/peptide_ood_vae_raman2ir/vae_raman2ir_r2_per_sample.csv,5191,0.105463101907147,0.106455,0.1446203758269296,0.19456752070891928,0,True,5190,saved_metrics_only,5191,True,0.3300780292814487,21.31245910942015,0.4083127570795607,
results/qm9_ood_flow_ir2raman_vibradit/flow_ir2raman_r2_per_sample.csv,4004,0.8090046638361638,0.8692245000000001,0.18984272186460602,0.008491508491508492,0,True,4003,saved_metrics_only,4004,True,0.8939467352647352,29.343567383366636,0.18752701398601399,
results/qm9_ood_flow_raman2ir_vibradit/flow_raman2ir_r2_per_sample.csv,4004,0.6350267195304695,0.672829,0.23112273581767465,0.016983016983016984,0,True,4003,saved_metrics_only,4004,True,0.758914729020979,27.014841013986015,0.2695315701798202,
results/qm9_ood_vae_ir2raman/vae_ir2raman_r2_per_sample.csv,4004,0.7769365776723278,0.8286155,0.17043450847703748,0.005994005994005994,0,True,4003,saved_metrics_only,4004,True,0.8716251565934067,28.274228392857143,0.23958231193806195,
results/qm9_ood_vae_raman2ir/vae_raman2ir_r2_per_sample.csv,4004,0.6596155799200799,0.714367,0.24302877134579245,0.022477522477522476,0,True,4003,saved_metrics_only,4004,True,0.7995570694305694,27.44871377097902,0.27956122227772234,
results/qm9s/flow_ir2raman_r2_per_sample.csv,19474,0.9403231315600289,0.958685,0.0684337263916538,0.00041080414912190614,0,True,19473,saved_metrics_only,19474,True,0.9643950447776523,35.3387596138441,0.09982936828591968,0.9761337023723939
results/qm9s/flow_raman2ir_r2_per_sample.csv,19474,0.8122573575023108,0.8654815,0.18404969003639576,0.007189072609633357,0,True,19473,saved_metrics_only,19474,True,0.8898440003594537,29.832475758806616,0.16903250708637158,0.9117294707302045
results/qm9s_flow_ir2raman_vibradit/flow_ir2raman_r2_per_sample.csv,27660,0.858850768582791,0.9159900000000001,0.18989821455389042,0.009978308026030369,0,True,27915,saved_metrics_only,27660,True,0.9206277575198843,32.225969645083154,0.14591300629067241,
results/qm9s_flow_raman2ir_vibradit/flow_raman2ir_r2_per_sample.csv,27660,0.7553058451916125,0.8469375,0.28237007815306,0.02787418655097614,0,True,27915,saved_metrics_only,27660,True,0.863159206977585,29.583040097324655,0.18418608608098336,
results/qm9s_vae_ir2raman_1/vae_ir2raman_r2_per_sample.csv,27648,0.7983579953703703,0.85529,0.18457977343265197,0.009620949074074073,0,True,27915,saved_metrics_only,27648,True,0.8779020927734374,29.84822724565972,0.22118586042390048,
results/qm9s_vae_raman2ir_1/vae_raman2ir_r2_per_sample.csv,27648,0.7202540144314237,0.7836235,0.22837137412165665,0.015010127314814815,0,True,27915,saved_metrics_only,27648,True,0.8212966453631365,27.927391850043403,0.24414068182146995,
results/qm9s_vae_raman2ir_2/vae_raman2ir_r2_per_sample.csv,1,-0.205616,-0.205616,,1.0,0,True,34,saved_metrics_only,1,True,1.1e-05,18.403223,0.827586,
results/qm9s_vibradit/flow_ir2raman_r2_per_sample.csv,19474,0.9388758641265277,0.957133,0.06893783165568143,0.0003594536304816679,0,True,19473,saved_metrics_only,19474,True,0.9636531897915168,35.22556489149636,0.1002838526240115,
results/qm9s_vibradit/flow_raman2ir_r2_per_sample.csv,19474,0.8303587061209818,0.884826,0.18472040794792619,0.007035021053712643,0,True,19473,saved_metrics_only,19474,True,0.9075120007702578,30.46706129773031,0.15709380394371983,
results/qme14s_flow_ir2raman/flow_ir2raman_r2_per_sample.csv,27648,0.854449736255787,0.909968,0.179691386395217,0.008318865740740741,0,True,27915,saved_metrics_only,27648,True,0.9119816342954281,31.892837111617474,0.14971393666811342,0.9332009681712962
results/qme14s_flow_raman2ir/flow_raman2ir_r2_per_sample.csv,27648,0.7408590944010416,0.8138175000000001,0.24695951280963133,0.017433449074074073,0,True,27915,saved_metrics_only,27648,True,0.8352991232277199,28.911516916739007,0.19826375730613427,0.8706199029224537
results/qme14s_vae_ir2raman/vae_ir2raman_r2_per_sample.csv,27660,0.7963512251626897,0.8539464999999999,0.1853467287985304,0.009508315256688358,0,True,27915,saved_metrics_only,27660,True,0.8793896382501808,29.77955673843095,0.2219627687274042,
results/qme14s_vae_raman2ir/vae_ir2raman_r2_per_sample.csv,27916,0.7979680071643503,0.8548255,0.18591587501633627,0.009421120504370254,0,True,27915,saved_metrics_only,27909,False,0.8805033286395069,inf,0.2199162473753986,
results/qme14s_vae_raman2ir/vae_raman2ir_r2_per_sample.csv,1,-0.205616,-0.205616,,1.0,0,True,34,saved_metrics_only,1,True,1.1e-05,18.403223,0.827586,
results/spectrogen_ir2raman_r2_per_sample.csv,5659,0.7925542166460506,0.828343,0.1446250634106879,0.00424103198444955,0,True,5658,saved_metrics_only,5659,True,0.8876584599752606,28.239394654886024,0.22357514914295812,
results/tmp/flow_ir2raman_r2_per_sample.csv,27660,0.842673798626175,0.9064095,0.20440480027493874,0.01146059291395517,0,True,27915,saved_metrics_only,27660,True,0.9106727459146782,31.70110596626898,0.1526568515184382,
results/unet_ir2raman_r2_per_sample.csv,5659,0.8627944023679095,0.887214,0.10293656039034182,0.0012369676621311187,0,True,5658,saved_metrics_only,5659,True,0.9220764341756494,30.146947523237326,0.1531131244036049,
results/vae_ir2raman_r2_per_sample.csv,19474,0.9014587019102391,0.9241090000000001,0.08546428224308661,0.000975659854164527,0,True,19473,saved_metrics_only,19474,True,0.941238524442847,32.631928131303276,0.17787124905001542,
results/vae_raman2ir_r2_per_sample.csv,19474,0.7895480338399918,0.8330470000000001,0.16827210699379408,0.004826948752182397,0,True,19473,saved_metrics_only,19474,True,0.8746555289616925,28.80646498423539,0.2077742679983568,
results/verify_fig1_seed2/qm9s_flow_ir2raman_vibradit_seed2/flow_ir2raman_r2_per_sample.csv,19474,0.9388758641265277,0.957133,0.06893783165568143,0.0003594536304816679,0,True,19473,saved_metrics_only,19474,True,0.9636531897915168,35.22556489149636,0.1002838526240115,
results/verify_fig1_seed2/qm9s_flow_raman2ir_vibradit_seed2/flow_raman2ir_r2_per_sample.csv,19474,0.8303587061209818,0.884826,0.18472040794792619,0.007035021053712643,0,True,19473,saved_metrics_only,19474,True,0.9075120007702578,30.46706129773031,0.15709380394371983,
results/verify_fig1_seed2/qme14s_flow_ir2raman_vibradit_seed2/flow_ir2raman_r2_per_sample.csv,27660,0.858850768582791,0.9159900000000001,0.18989821455389042,0.009978308026030369,0,True,27915,saved_metrics_only,27660,True,0.9206277575198843,32.225969645083154,0.14591300629067241,
results/verify_fig1_seed2/qme14s_flow_raman2ir_vibradit_seed2/flow_raman2ir_r2_per_sample.csv,27660,0.7553058451916125,0.8469375,0.28237007815306,0.02787418655097614,0,True,27915,saved_metrics_only,27660,True,0.863159206977585,29.583040097324655,0.18418608608098336,
results/vibench/vae_ir2raman_r2_per_sample.csv,19474,0.30420191311492245,0.370448,0.33893928931163547,0.14619492656875835,0,True,19473,saved_metrics_only,19474,True,0.550426582879737,23.37825344772517,0.44932139278011707,
results/vibench_flow_ir2raman_vibradit/flow_ir2raman_r2_per_sample.csv,13793,0.8997852401943014,0.981982,0.1862555596443244,0.007177553831653738,0,True,13792,saved_metrics_only,13793,True,0.9475859920249401,36.358540532879,0.11693882643369825,
results/vibench_flow_raman2ir_vibradit/flow_raman2ir_r2_per_sample.csv,13793,0.8645471434785762,0.990995,0.23496110619454988,0.011962589719422895,0,True,13792,saved_metrics_only,13793,True,0.9277448998042486,38.9736446664975,0.12155098419488146,
results/vibench_full_flow_ir2raman/flow_ir2raman_r2_per_sample.csv,13793,0.8997852401943014,0.981982,0.1862555596443244,0.007177553831653738,0,True,13792,saved_metrics_only,13793,True,0.9475859920249401,36.358540532879,0.11693882643369825,
results/vibench_full_flow_raman2ir/flow_raman2ir_r2_per_sample.csv,13793,0.8645471434785762,0.990995,0.23496110619454988,0.011962589719422895,0,True,13792,saved_metrics_only,13793,True,0.9277448998042486,38.9736446664975,0.12155098419488146,
results/vibench_full_vae_ir2raman/vae_ir2raman_r2_per_sample.csv,13793,0.8657512968897267,0.932765,0.17288938753662314,0.0063075473066048,0,True,13792,saved_metrics_only,13793,True,0.9250677702457768,31.23955852816646,0.18825032770245775,
results/vibench_full_vae_raman2ir/vae_raman2ir_r2_per_sample.csv,13793,0.8004965910969333,0.918192,0.2432523863272571,0.014355107663307476,0,True,13792,saved_metrics_only,13793,True,0.8859441845863845,30.96757650148626,0.21995432465743492,
results/vibench_vae_ir2raman/vae_ir2raman_r2_per_sample.csv,13793,0.8645016142246067,0.931978,0.16938197030251245,0.005582541869064018,0,True,13792,saved_metrics_only,13793,True,0.9260539422170666,31.18828352649895,0.18782717639382293,
results/vibench_vae_raman2ir/vae_raman2ir_r2_per_sample.csv,13793,0.8005929369245268,0.918458,0.24327194346696984,0.01457260929456971,0,True,13792,saved_metrics_only,13793,True,0.8859951985064887,30.96888115710868,0.2199693662002465,
results/vibench_vibradit/flow_ir2raman_r2_per_sample.csv,19474,0.9301695061620623,0.9506745000000001,0.08090410169833245,0.0010270103728047654,0,True,19473,saved_metrics_only,19474,True,0.9583845277292801,34.35969673636644,0.11296535827256854,
results/zinc15_ood_flow_ir2raman_vibradit/flow_ir2raman_r2_per_sample.csv,10883,0.4970226286869429,0.601249,0.4093177820672439,0.0913351098042819,0,True,10882,saved_metrics_only,10883,True,0.7167410617476799,24.69645876072774,0.29081310860975834,
results/zinc15_ood_flow_raman2ir_vibradit/flow_raman2ir_r2_per_sample.csv,10883,0.37524132619682077,0.382532,0.28288066012875623,0.07893044197372048,0,True,10882,saved_metrics_only,10883,True,0.5801427452908205,24.293152259671047,0.33659295212717083,
results/zinc15_ood_vae_ir2raman/vae_ir2raman_r2_per_sample.csv,10883,0.46788284737664243,0.602114,0.4680898680123579,0.11586878618028117,0,True,10882,saved_metrics_only,10883,True,0.7206845364329689,24.634042253330882,0.30921901745842134,
results/zinc15_ood_vae_raman2ir/vae_raman2ir_r2_per_sample.csv,10883,0.3830981390241661,0.395685,0.31260229478140306,0.09262151980152532,0,True,10882,saved_metrics_only,10883,True,0.6097958609758339,24.507446365064776,0.35124644647615544,
