test_index,h5_row_index,r2,pearson,mae,rmse,normalized_mae,target_range,source_range,finite_core_metrics
0,65580,0.9992111325263977,0.99960786,0.00077306054,0.001860341,0.0007730834,0.9999704,0.99992096,True
1,88792,0.9890174865722656,0.99454033,0.002407148,0.0061991243,0.0024072267,0.99996734,0.999856,True
2,58880,0.9922114014625549,0.99614936,0.0012137524,0.005065925,0.0012138038,0.99995774,0.99989414,True
3,64420,0.9979791045188904,0.9989908,0.0015115007,0.0046475744,0.0015119234,0.99972045,0.9997073,True
4,45566,-0.20226037502288818,0.5537683,0.019957805,0.06534688,0.019958906,0.99994487,0.9999181,True
5,87103,0.9967076778411865,0.9984096,0.0010868156,0.0037118928,0.0010868424,0.9999753,0.99991834,True
6,46976,0.7864181399345398,0.8908446,0.01842116,0.050510842,0.018427806,0.9996394,0.99969995,True
7,69075,0.9953810572624207,0.9976898,0.0013449759,0.0041156006,0.0013452199,0.9998186,0.9996789,True
8,35726,0.9969571232795715,0.99850535,0.0017502762,0.0049384898,0.00175072,0.9997465,0.99967974,True
9,80237,0.9991065263748169,0.9995649,0.0006695992,0.0019009518,0.00066962093,0.9999676,0.9999653,True
10,50002,0.8216102123260498,0.92540276,0.017193617,0.039859246,0.017198894,0.9996932,0.9990916,True
11,69259,0.9260722994804382,0.962713,0.0038836969,0.028919902,0.0038843204,0.9998395,0.9999257,True
12,1342,0.9306824207305908,0.9711119,0.008403069,0.02571997,0.008404181,0.99986774,0.99988455,True
13,81360,0.7156118750572205,0.8507755,0.021009197,0.059280913,0.021012094,0.9998622,0.9998733,True
14,53238,0.8311274647712708,0.91218746,0.017104886,0.041971236,0.017109647,0.9997217,0.9994492,True
15,58939,0.7838741540908813,0.88692987,0.00958493,0.030782375,0.009585351,0.99995613,0.99985176,True
16,26189,0.9876072406768799,0.9938562,0.0014095134,0.007966503,0.0014097416,0.9998381,0.9997348,True
17,89653,0.998607337474823,0.99930495,0.0009196267,0.0023147187,0.0009196471,0.99997777,0.9999798,True
18,26693,0.9983051419258118,0.99915314,0.0013909796,0.0045760972,0.0013913738,0.9997167,0.99996626,True
19,10655,0.9993593096733093,0.99968106,0.0008510966,0.0025943671,0.000851369,0.99968004,0.9996536,True
20,79772,0.9976562857627869,0.99882823,0.0014111501,0.0044534258,0.0014113209,0.999879,0.9999009,True
21,87248,0.994692325592041,0.9974068,0.001603707,0.005416236,0.0016037696,0.99996096,0.9998909,True
22,54162,0.37646663188934326,0.70576197,0.027015906,0.07683875,0.027024759,0.9996724,0.9992439,True
23,14527,0.8997066020965576,0.94944036,0.008526435,0.022215562,0.008527376,0.99988973,0.99996835,True
24,87956,0.9658157229423523,0.9830523,0.003051491,0.013336384,0.0030520442,0.99981874,0.99979526,True
25,86981,0.9985709190368652,0.99928725,0.00076413684,0.002630763,0.00076424226,0.9998621,0.99979204,True
26,82824,0.9978505373001099,0.9989343,0.0013058335,0.003797195,0.0013061337,0.9997701,0.9996759,True
27,86336,0.8590381145477295,0.9272674,0.018191706,0.043173257,0.01819905,0.9995964,0.99971974,True
28,29734,0.9988647103309631,0.9995235,0.0008734351,0.002385672,0.0008734827,0.99994546,0.99993914,True
29,20595,0.9938894510269165,0.996968,0.0011503145,0.0051261107,0.0011504049,0.9999214,0.99986374,True
30,23838,0.9502977728843689,0.97646064,0.0037506404,0.012680735,0.0037508213,0.9999518,0.9999086,True
31,30314,0.9965964555740356,0.99831253,0.0018380965,0.0051977206,0.0018384113,0.99982876,0.99980956,True
