cid,qm9s_index,ascending_ir_pearson,descending_ir_pearson
137995,580,0.3508016078494894,0.0813899958479218
83330,109688,0.0448245147612245,-0.01868286722460711
102692,6481,0.26240060452941666,0.02816110152985484
102852,88635,0.4325440782670392,-0.025034257169496078
108850,443,0.22774182489630526,-0.0038115637654476723
117828,121579,0.029197894302935328,-0.06607040646371613
544638,92,0.41474579580441284,0.0011352171304507394
6427663,2115,-0.009117655290617543,-0.0654639311523763
79083,1155,0.08972746674978056,-0.10182477624085848
92886,123925,0.1407886998618795,-0.05230721710645489
110725,85442,-0.013983550413911364,-0.03796963443634547
121755,2679,0.17861753163986308,-0.04104451014568023
135988,14651,0.483930444544154,0.06599936086639793
137075,942,0.0962253954512776,0.19071679089910681
137268,4849,0.12029681122321913,0.005526392516242859
140750,113497,0.08810181840248298,-0.03380771775850937
142507,2665,0.13934996564893717,-0.028234257172488963
522009,106621,0.20420946920726588,0.11998178109405495
527855,2144,-0.02021768223115882,-0.05137568888992815
529282,92565,0.2915579321419744,0.3681029989965418
67710,756,0.15698148795597347,-0.04249076789207242
76153,28963,0.07349110808514446,-0.07373656194769612
76153,28973,0.1487654053056429,-0.06757839515216164
77770,27882,0.01950411760011277,-0.023879564051311024
77907,4739,0.2443485886591114,-0.05455970761397259
78955,92427,0.014185680490578223,0.06541110204982259
79049,1329,0.016093365350900835,-0.06056013582556309
87605,7856,-0.004202985618865729,-0.0592439891087143
92739,93853,0.07398882537921815,0.31341929239175487
92831,6618,0.1009508409513563,0.24036884177458123
93050,123777,0.35792363189373344,0.27602154726833517
93083,340,0.3156815681382914,-0.030647105183254263
94746,6274,0.23880129775076223,0.12907840476532004
