index,r2,pearson,mae,rmse,normalized_mae,valid_identity_matched_evaluation
0,-0.8245100598885848,0.3610260853577996,6.133855474563887,18.523820254554796,0.03399973390620294,False
1,-1.0007301725237223,0.3658748073986402,6.834570289369449,16.408728754046265,0.05344372203482305,False
2,0.09195489660566702,0.6712724658894449,6.044143734611131,15.581175145555049,0.03991988608222805,False
3,-0.9413717971713913,0.3315559933261228,6.591448016080556,19.49224847514097,0.03200658215981737,False
4,-0.3373020700780138,0.6688280220472792,12.108057176383326,30.060287727620757,0.035022285371055666,False
5,-0.7435708332496109,0.5944616157379852,8.174758362888884,26.31529602952462,0.032157380884802966,False
6,-1.9548812263816329,0.5584828972817402,10.58433834668613,26.02100089338076,0.05609630071620686,False
7,-1.2547951810697384,0.5487398987774379,18.63802999361942,51.603115108627534,0.03985289967390117,False
8,-0.7130851056157375,0.40983379452053,16.699074310036103,50.39065098470591,0.03514167160560318,False
9,-1.0600834481164538,0.3053513266624115,4.499413949569441,13.562979862848252,0.038717436792691295,False
10,-0.47994955877500667,0.5134423601549318,10.177569347580546,26.660122447925723,0.040794153477461806,False
11,-1.2111394007205005,0.43836433816455095,13.624484065233323,35.0482175553843,0.04074250277845451,False
12,-0.4671215557502575,0.3936308382790811,9.491000789738878,29.668917447594197,0.035762620951546,False
13,-3.5784419429365792,0.23097619232135003,13.777606903894451,30.41609339181846,0.07205483202977726,False
14,-0.15975864477287027,0.5994949190828401,7.527956530863872,22.385178519747267,0.039146990281313535,False
15,-1.4566062930974475,-0.020064947849980835,7.77939830120834,27.488883515964083,0.03457210720715008,False
16,-0.5780076557803264,0.390101545890142,16.98531196503888,32.03030769785032,0.0525468827641697,False
17,-4.485750908479741,0.33337954027938815,16.170289286744428,46.45476076270638,0.04690961866571163,False
18,-0.5252910932619295,0.40920297759483715,8.920508310586118,26.302155300359274,0.036392807827508776,False
19,-3.511397151050436,0.0440249676413451,55.712198499139014,137.23064263140384,0.05196398843848104,False
20,-1.929973806573869,0.5674757336804976,17.752506966180572,43.789110027156035,0.04664705121120596,False
21,-0.525097028824477,0.09058169503389277,7.7637123540388915,25.836224865146516,0.03500241373347145,False
22,-1.2638026029516958,0.003651484225250077,17.662786007077777,43.60517113220226,0.05479084201985349,False
23,-0.5478139799720771,0.47821169077595865,9.64118054994166,34.97484759483193,0.03062080723221654,False
24,-1.584281864714078,0.26912185904561287,16.85751899616946,41.97220691093748,0.05149043459454673,False
25,-0.3220891593388655,0.5712621992267896,12.329794532458331,32.5891707730949,0.047279453932756975,False
26,-0.2334289551979929,0.34381957680325775,6.183286153769448,21.566123470471503,0.03218138575039388,False
27,0.21462196180848025,0.6444147775827972,8.16229887949166,23.074642846428496,0.031077433747826348,False
28,-0.25623981299170895,0.5921252537899635,9.769971559133346,25.961259173008013,0.04004927528756918,False
29,-1.1082403043750881,0.2644534156514605,9.247291235372252,25.607101622546512,0.044092174819076554,False
30,-1.6551553886160884,0.20924741605609037,15.220453114052768,45.47268329896725,0.030626978780768543,False
31,-2.2152224477072084,0.2599838700891611,13.280517193338898,38.51480258195021,0.04204996498947941,False
32,-2.030352770994661,0.30885121036583274,12.726962764005556,30.715451082000705,0.05025529284480505,False
33,-1.1884998662002397,0.276576528976212,11.879440914741672,30.163338667411775,0.04464185127830397,False
34,-1.2543132629321554,0.5529865802045806,9.318184860325038,27.534874298287214,0.04071720495104313,False
35,-3.013495037109518,0.38783276653777515,36.44250241275274,103.16817081729648,0.04673768585325363,False
36,-1.8433282520790963,-0.008600209429171194,10.518670289522232,29.056913479886003,0.04896306012377484,False
37,-0.43419049454364034,0.49639348933729155,13.592105091997208,24.86218694624574,0.05717080852482196,False
38,-1.3072754157307473,0.17509428249950892,13.89041387090002,29.745872590490695,0.0610995617068024,False
39,-0.7440951069053239,0.4198658947195469,6.065250714694438,18.082254052276035,0.04624768365589563,False
40,-0.42449576413602097,0.48381811340624276,6.719845975061105,19.46067828134013,0.027779605701217076,False
41,-1.7048719933714347,0.3534097293464802,18.226797580452775,47.72852455563705,0.04185585953397709,False
42,-0.3061744820666594,0.48819250219195115,8.704809038352789,22.59393768154624,0.044473890579351645,False
43,-1.2952772444052147,0.25090322708342605,8.739327534233318,24.871173516170096,0.042815425840222444,False
44,-0.18482914730510003,0.5179054948409528,8.581705506530547,27.62584454234656,0.03663839901626054,False
45,-1.053306815345012,0.3893984581670075,13.597797835288898,40.81316162939381,0.03381860331121888,False
46,-0.9186274341816476,0.1679473049774799,10.719767271563875,33.444689428832746,0.036160440807488176,False
47,-0.44975811116266984,0.5217913527657299,11.81570083762782,32.31207939134939,0.04114298049662451,False
48,-2.289142010869203,0.424507303752234,14.55960145217777,46.9989284953938,0.040787809096933636,False
49,-0.8876642063985207,0.3299177725431043,7.332349174611109,20.27090187623758,0.04491441540816931,False
50,-0.08961342441029041,0.4593427592663334,6.2995822559416625,17.669687109412557,0.033287041754105025,False
51,-0.3483368529295776,0.3683071629699999,11.784947704780556,22.465880485990272,0.04365434687002252,False
52,-1.1348649554459347,0.2868577079872195,9.991813744294447,31.27420858078388,0.04514664376442595,False
53,-1.1019894891957915,0.6756449319629821,13.955797831783295,36.75512859491296,0.0399087573560455,False
54,0.09058719368734447,0.5861866856612742,8.815534398383319,25.881635193641344,0.030674830633039062,False
55,-0.38821072789594324,0.48477983158107973,12.83110102192777,47.774101108509974,0.02150740447442027,False
56,0.11626382246958045,0.5879552361424496,6.963829818463892,19.995265081153367,0.031079045791039477,False
57,-0.23347006123113023,0.5551452467876821,8.371072456738904,21.32765923933923,0.03891230416183424,False
58,-1.558695705547073,0.4473416512452699,14.076477547108336,34.50243206095314,0.056050477508353014,False
59,-0.1520354684548626,0.6093733281799033,6.619858626386126,19.683486244966414,0.033171875504296566,False
60,-0.1609547067046575,0.6633976942887562,11.118439485786096,30.51812787509894,0.03468674062023081,False
61,-1.0555637361362677,-0.029442267199788572,10.046788155777778,32.1967511841991,0.027383105429368577,False
62,-0.8754511583603057,0.08256168248880269,18.317957547391668,40.277482409611196,0.056899945512561896,False
63,-0.1930702519999845,0.35334993470126264,7.794825725730561,20.08390011916284,0.04318621448629207,False
64,0.5254396693559642,0.7787307959381926,5.363710298647221,18.049121287776675,0.021039599636752816,False
65,-0.7037138389389483,0.422409657993182,9.960733729641708,26.82794062650634,0.035123342882817266,False
66,-0.6295835756164903,0.3585059814052283,13.36439625949722,29.077937905152186,0.054551256245778355,False
67,0.07919487916807555,0.6228924222535249,7.441471609394448,19.095960233033548,0.04096882080853778,False
68,-0.8699568510338249,0.2553931792794323,18.82712945141391,40.689375175283935,0.05005252089572027,False
69,-8.192417087621253,0.2813804102271884,105.20920100923885,229.79664008312352,0.06777958894204417,False
70,-0.0949799340309514,0.4307810169882201,10.342641049088884,19.237021991405232,0.04758228395046292,False
71,-0.7002758772853013,0.577304945895953,11.186534611149977,33.79766928321165,0.03435399887805354,False
72,-0.028131238001114722,0.49705160092931217,7.536172372416668,19.34283513066738,0.029534700370359265,False
73,-0.7015451896247702,0.40263806159959004,10.329972949022245,28.86627122583654,0.04006612210595731,False
74,0.3008346436575561,0.672633689238602,6.9325808603166745,17.75255641762339,0.029734026079977455,False
75,-0.9141778854481313,0.5947236970693592,13.152421176472263,35.73623505077119,0.035982259328006146,False
76,-0.30983010329175165,0.682268417523045,16.073928876825008,42.408798074406484,0.03335571842753991,False
77,-0.11128028575033122,0.5473965910109165,10.327690842358345,28.81279922923349,0.03672683789792111,False
78,-0.7625890092341772,0.3370294741251728,15.470593145050014,46.02582267533702,0.03921227105563855,False
79,-1.0277066976089464,0.6806656783064519,11.062181764388868,31.957679293683395,0.03563064425510919,False
80,-1.3268999683078184,0.05721172229838048,19.026936370725014,55.261871158353436,0.04423953847707197,False
81,-0.3165219909671009,0.5103588824156884,15.031215149486123,40.271668470474296,0.03724660241994285,False
82,-1.0139268017611687,0.2955800794418318,27.0555030096916,33.148343114941724,0.10319322866229756,False
83,-1.038825044432098,0.4523259174261407,11.972671081124998,25.56299844826235,0.04354899699682354,False
