cid,ftir_split,qm9s_index,qm9s_split,match_type,match_multiplicity,canonical_key,ftir_smiles,qm9s_smiles,title,actual_qm9s_id,actual_qm9s_smiles,mapping_agrees_with_original_molecule_file,source_canonical,claimed_target_canonical,actual_target_canonical,actual_identity_match_stereo,actual_identity_match_connectivity
637923,train,1153,train,connectivity,1,CC=CCCl,C/C=C/CCl,CC=CCCl,(2E)-1-Chloro-2-butene,001154,CC(C)CCCO,True,C/C=C/CCl,CC=CCCl,CC(C)CCCO,False,False
92137,train,1214,train,exact_isomeric,1,CC(Br)(CBr)CBr,CC(CBr)(CBr)Br,CC(CBr)(CBr)Br,"1,2,3-Tribromo-2-methylpropane",001215,CC1(O)CCCC1,True,CC(Br)(CBr)CBr,CC(Br)(CBr)CBr,CC1(O)CCCC1,False,False
527548,train,1232,train,exact_isomeric,1,BrC1=CC=CCC1,C1CC(=CC=C1)Br,C1CC(=CC=C1)Br,"1,3-Cyclohexadiene, 1-bromo",001233,N=CNC(=O)C#C,True,BrC1=CC=CCC1,BrC1=CC=CCC1,C#CC(=O)NC=N,False,False
108850,valid,1322,valid,exact_isomeric,1,C#CC#CC#N,C#CC#CC#N,C#CC#CC#N,Cyanobutadiene,001323,OCC(O)CC#C,True,C#CC#CC#N,C#CC#CC#N,C#CCC(O)CO,False,False
137268,train,1694,train,exact_isomeric,1,C#Cc1ccccn1,C#CC1=CC=CC=N1,C#CC1=NC=CC=C1,Ethynylpyridine,001695,CC1=CC(O)CC1,True,C#Cc1ccccn1,C#Cc1ccccn1,CC1=CC(O)CC1,False,False
79743,valid,1826,train,exact_isomeric,1,O=C1CC2(CCCC2)CC(=O)O1,C1CCC2(C1)CC(=O)OC(=O)C2,O=C1CC2(CCCC2)CC(=O)O1,"Cyclopentane-1,1-diacetic anhydride",001827,O=C1CC2(CN2)C1,True,O=C1CC2(CCCC2)CC(=O)O1,O=C1CC2(CCCC2)CC(=O)O1,O=C1CC2(CN2)C1,False,False
93050,train,2057,train,exact_isomeric,1,C#CC(O)CCCC,CCCCC(C#C)O,CCCCC(O)C#C,"1-Heptyn-3-ol, (+-)-",002058,C#CCC1CCO1,True,C#CC(O)CCCC,C#CC(O)CCCC,C#CCC1CCO1,False,False
97632,train,9547,train,exact_isomeric,1,CNS(C)(=O)=O,CNS(=O)(=O)C,CNS(C)(=O)=O,N-Methylmethanesulfonamide,009548,CCOC1(CC1)C#N,True,CNS(C)(=O)=O,CNS(C)(=O)=O,CCOC1(C#N)CC1,False,False
529282,train,10557,test,exact_isomeric,1,CC#CC(C)(CC)CC,CCC(C)(CC)C#CC,CCC(C)(CC)C#CC,"2-Hexyne, 4-ethyl-4-methyl-",010558,CC(O)COC1CC1,True,CC#CC(C)(CC)CC,CC#CC(C)(CC)CC,CC(O)COC1CC1,False,False
279492,valid,12137,test,exact_isomeric,1,Cn1cnc(N)c1S(N)(=O)=O,CN1C=NC(=C1S(=O)(=O)N)N,CN1C=NC(N)=C1S(N)(=O)=O,4-Amino-1-methyl-1H-imidazole-5-sulfonamide,012138,N#CCC1CC=CC1,True,Cn1cnc(N)c1S(N)(=O)=O,Cn1cnc(N)c1S(N)(=O)=O,N#CCC1CC=CC1,False,False
140750,train,12323,train,exact_isomeric,1,CCCCCC#CCO,CCCCCC#CCO,CCCCCC#CCO,2-Octyn-1-ol,012324,CC(C)C1OCC1O,True,CCCCCC#CCO,CCCCCC#CCO,CC(C)C1OCC1O,False,False
118569,test,12415,test,exact_isomeric,1,CS(=O)(=O)NCCc1ccccc1,CS(=O)(=O)NCCC1=CC=CC=C1,CS(=O)(=O)NCCC1=CC=CC=C1,N-Phenethylmethanesulfonamide,012416,CNC(=O)N1CC1C,True,CS(=O)(=O)NCCc1ccccc1,CS(=O)(=O)NCCc1ccccc1,CNC(=O)N1CC1C,False,False
93083,train,13305,train,exact_isomeric,1,CNC(C)C#N,CC(C#N)NC,CNC(C)C#N,2-(Methylamino)propanenitrile,013306,N#CC#CC#CC#N,True,CNC(C)C#N,CNC(C)C#N,N#CC#CC#CC#N,False,False
95794,valid,14726,train,exact_isomeric,1,Nc1cc(S(N)(=O)=O)ccc1Cl,C1=CC(=C(C=C1S(=O)(=O)N)N)Cl,NC1=C(Cl)C=CC(S(N)(=O)=O)=C1,3-Amino-4-chlorobenzenesulphonamide,014727,C#CC12CC1OC=N2,True,Nc1cc(S(N)(=O)=O)ccc1Cl,Nc1cc(S(N)(=O)=O)ccc1Cl,C#CC12CC1OC=N2,False,False
75047,valid,18670,test,exact_isomeric,1,CN(C)c1ccc(N=C=S)cc1,CN(C)C1=CC=C(C=C1)N=C=S,CN(C)C1=CC=C(N=C=S)C=C1,"Isothiocyanic acid, p-dimethylaminophenyl ester",018671,C1C2C3OC2C2C3N12,True,CN(C)c1ccc(N=C=S)cc1,CN(C)c1ccc(N=C=S)cc1,C1C2C3OC2C2C3N12,False,False
123171,train,18981,train,exact_isomeric,1,S=C=Nc1ccccc1Cl,C1=CC=C(C(=C1)N=C=S)Cl,S=C=NC1=CC=CC=C1Cl,1-Chloro-2-isothiocyanatobenzene,018982,CC1=CC(=N)ON=C1,True,S=C=Nc1ccccc1Cl,S=C=Nc1ccccc1Cl,Cc1cnoc(=N)c1,False,False
140501,train,19403,train,exact_isomeric,1,Cc1cc(C)c(N=C=S)cc1C,CC1=CC(=C(C=C1C)N=C=S)C,CC1=CC(C)=C(N=C=S)C=C1C,"2,4,5-Trimethylphenyl isothiocyanate",019404,CN1N=NC=C1C#C,True,Cc1cc(C)c(N=C=S)cc1C,Cc1cc(C)c(N=C=S)cc1C,C#Cc1cnnn1C,False,False
350505,train,20192,train,exact_isomeric,1,Cc1ccc(N=C=S)cc1N=C=O,CC1=C(C=C(C=C1)N=C=S)N=C=O,CC1=C(N=C=O)C=C(N=C=S)C=C1,2-Isocyanato-4-isothiocyanato-1-methylbenzene,020193,CC1=COC=CC1=NO,True,Cc1ccc(N=C=S)cc1N=C=O,Cc1ccc(N=C=S)cc1N=C=O,Cc1coccc1=NO,False,False
83330,test,23378,valid,exact_isomeric,1,CCCC(C#N)CCC,CCCC(CCC)C#N,CCCC(CCC)C#N,2-Propylvaleronitrile,023379,N=COC1=COC(=N)O1,True,CCCC(C#N)CCC,CCCC(C#N)CCC,N=COc1coc(=N)o1,False,False
83385,train,23987,train,exact_isomeric,1,COC(=N)C#N,COC(=N)C#N,COC(=N)C#N,Methyl cyanoformimidate,023988,CC(C)C1=NC=NC=C1,True,COC(=N)C#N,COC(=N)C#N,CC(C)c1ccncn1,False,False
534225,train,25081,train,exact_isomeric,1,CCCS(=O)c1ccccc1O,CCCS(=O)C1=CC=CC=C1O,CCCS(=O)C1=CC=CC=C1O,2-Propylsulfinylphenol,025082,CC1=CC(=O)OC(=N)O1,True,CCCS(=O)c1ccccc1O,CCCS(=O)c1ccccc1O,Cc1cc(=O)oc(=N)o1,False,False
143157,train,33240,train,exact_isomeric,1,N=C1CC1,C1CC1=N,C1CC1=N,Cyclopropanimine,033241,C#CCC1CC2CCC12,True,N=C1CC1,N=C1CC1,C#CCC1CC2CCC12,False,False
137075,train,34358,valid,exact_isomeric,1,CCc1ccc[nH]1,CCC1=CC=CN1,CCC1=CC=CN1,2-Ethylpyrrole,034359,C1CC23OC4C2C(=C1)C34,True,CCc1ccc[nH]1,CCc1ccc[nH]1,C1=C2C3C4OC3(CC1)C24,False,False
77907,train,34806,train,exact_isomeric,1,CCCc1ccco1,CCCC1=CC=CO1,CCCC1=CC=CO1,2-Propylfuran,034807,O1C2C=CC3C1C=CC23,True,CCCc1ccco1,CCCc1ccco1,C1=CC2C3C=CC2C1O3,False,False
77770,train,36878,train,exact_isomeric,1,CCC(=O)n1ccnc1,CCC(=O)N1C=CN=C1,CCC(=O)N1C=CN=C1,1-(1-oxopropyl)-1H-imidazole,036879,C1OC11CCCC=CC1,True,CCC(=O)n1ccnc1,CCC(=O)n1ccnc1,C1=CCC2(CCC1)CO2,False,False
106434,test,39448,train,exact_isomeric,1,O=S(=O)(O)CCCc1cccnc1,C1=CC(=CN=C1)CCCS(=O)(=O)O,O=S(=O)(O)CCCC1=CN=CC=C1,3-Pyridin-3-ylpropane-1-sulfonic acid,039449,O=C1C2OC2CC11CC1,True,O=S(=O)(O)CCCc1cccnc1,O=S(=O)(O)CCCc1cccnc1,O=C1C2OC2CC12CC2,False,False
123046,train,39794,train,exact_isomeric,1,c1ccpcc1,C1=CC=PC=C1,C1=CC=PC=C1,Phosphorin,039795,O=C1C=CC2CNC=C12,True,c1ccpcc1,c1ccpcc1,O=C1C=CC2CNC=C12,False,False
95465,train,39936,train,exact_isomeric,1,O=S(=O)(O)C(O)c1ccccn1,C1=CC=NC(=C1)C(O)S(=O)(=O)O,O=S(=O)(O)C(O)C1=CC=CC=N1,2-Pyridylhydroxymethanesulfonic acid,039937,O=C1CC(=CC1=O)C#C,True,O=S(=O)(O)C(O)c1ccccn1,O=S(=O)(O)C(O)c1ccccn1,C#CC1=CC(=O)C(=O)C1,False,False
92466,train,39964,test,connectivity,1,NC(CO)c1ccccc1,C1=CC=C(C=C1)C(CO)N,C1=CC=C(C=C1)[C@H](CO)N,2-Amino-2-phenylethanol,039965,N=C1OC(C#C)C11CO1,True,NC(CO)c1ccccc1,N[C@@H](CO)c1ccccc1,C#CC1OC(=N)C12CO2,False,False
79083,valid,41261,train,exact_isomeric,1,CC(O)CCCO,CC(CCCO)O,CC(O)CCCO,"Pentane-1,4-diol",041262,O=C1OC2CC1C2C#C,True,CC(O)CCCO,CC(O)CCCO,C#CC1C2CC1C(=O)O2,False,False
62237,train,41558,train,exact_isomeric,1,CCC(S)C(C)=O,CCC(C(=O)C)S,CCC(S)C(C)=O,3-Mercapto-2-pentanone,041559,O=C1CC2CC3OC1C23,True,CCC(S)C(C)=O,CCC(S)C(C)=O,O=C1CC2CC3OC1C23,False,False
87605,train,42154,train,exact_isomeric,1,CCC(C)(CC)CO,CCC(C)(CC)CO,CCC(C)(CC)CO,"2,2-Diethyl-1-propanol",042155,O=C1CN=CNC(=O)N1,True,CCC(C)(CC)CO,CCC(C)(CC)CO,O=C1CN=CNC(=O)N1,False,False
92886,valid,42651,train,connectivity,1,OC1CCCCC1O,C1CC[C@H]([C@@H](C1)O)O,OC1CCCCC1O,"trans-1,2-Cyclohexanediol",042652,N=C1OCC1OC1CC1,True,O[C@@H]1CCCC[C@H]1O,OC1CCCCC1O,N=C1OCC1OC1CC1,False,False
533755,train,48570,train,exact_isomeric,1,CCOC(=O)CC(=O)NC(=O)CCl,CCOC(=O)CC(=O)NC(=O)CCl,CCOC(=O)CC(=O)NC(=O)CCl,"2-Carboxyacetamide, N-(chloromethylcarbonyl)-, ethyl ester",048571,CC#CC(O)CC1CN1,True,CCOC(=O)CC(=O)NC(=O)CCl,CCOC(=O)CC(=O)NC(=O)CCl,CC#CC(O)CC1CN1,False,False
107584,valid,50725,valid,exact_isomeric,1,CC=CN=C=O,CC=CN=C=O,CC=CN=C=O,1-Isocyanato-1-propene,050726,NC(=O)C1NCC11CO1,True,CC=CN=C=O,CC=CN=C=O,NC(=O)C1NCC12CO2,False,False
110725,train,51330,train,exact_isomeric,1,OC1CC2CCC1C2O,C1CC2C(CC1C2O)O,OC1CC2CCC1C2O,"Bicyclo(2.2.1)heptane-2,7-diol",051331,CC(=O)CN=C(N)C=O,True,OC1CC2CCC1C2O,OC1CC2CCC1C2O,CC(=O)CN=C(N)C=O,False,False
78955,train,52260,train,exact_isomeric,1,COC(C)(C)CC(C)O,CC(CC(C)(C)OC)O,COC(C)(C)CC(C)O,4-Methoxy-4-methyl-2-pentanol,052261,OC(C#N)C1OCC=C1,True,COC(C)(C)CC(C)O,COC(C)(C)CC(C)O,N#CC(O)C1C=CCO1,False,False
92739,train,52675,train,exact_isomeric,1,CC(CO)OC(C)CO,CC(CO)OC(C)CO,CC(CO)OC(C)CO,"2,2'-Oxydipropanol",052676,CC(C)(C)OCCC#N,True,CC(CO)OC(C)CO,CC(CO)OC(C)CO,CC(C)(C)OCCC#N,False,False
86931,test,53436,train,exact_isomeric,1,C[Si](C)(Cl)CCCN=C=O,C[Si](C)(CCCN=C=O)Cl,C[Si](C)(Cl)CCCN=C=O,"Silane, chloro(3-isocyanatopropyl)dimethyl-",053437,CC(N)C(OC=N)C#N,True,C[Si](C)(Cl)CCCN=C=O,C[Si](C)(Cl)CCCN=C=O,CC(N)C(C#N)OC=N,False,False
117828,valid,58448,train,exact_isomeric,1,Cn1cnc([N+](=O)[O-])n1,CN1C=NC(=N1)[N+](=O)[O-],CN1C=NC(=N1)N(=O)=O,"1-Methyl-3-nitro-1,2,4-triazole",058449,CC1(O)CC2C1CC2=O,True,Cn1cnc([N+](=O)[O-])n1,Cn1cnc([N+](=O)[O-])n1,CC1(O)CC2C(=O)CC21,False,False
544638,valid,59598,train,exact_isomeric,1,CC1CN1C,CC1CN1C,CC1CN1C,"1,2-Dimethylaziridine",059599,OC1(CC1)C(C#C)C#C,True,CC1CN1C,CC1CN1C,C#CC(C#C)C1(O)CC1,False,False
143500,train,66369,train,exact_isomeric,1,CC=CO,CC=CO,CC=CO,Hydroxypropylene,066370,CC12OC3CC1CC3O2,True,CC=CO,CC=CO,CC12OC3CC1CC3O2,False,False
527855,train,67450,test,exact_isomeric,1,CC(C)C1OC1C,CC1C(O1)C(C)C,CC(C)C1OC1C,"Oxirane, 2-methyl-3-(1-methylethyl)-",067451,CC12CCC3(C)CC1C23,True,CC(C)C1OC1C,CC(C)C1OC1C,CC12CCC3(C)C(C1)C23,False,False
142507,train,67495,train,exact_isomeric,1,COC1CC=CC1,COC1CC=CC1,COC1CC=CC1,"Cyclopentene, 4-methoxy-",067496,CC12COC3C(C=C1)C23,True,COC1CC=CC1,COC1CC=CC1,CC12C=CC3C(OC1)C32,False,False
121755,train,67501,train,exact_isomeric,1,CCC1COCO1,CCC1COCO1,CCC1COCO1,"4-Ethyl-1,3-dioxolane",067502,CC12CCC3C(CO1)C23,True,CCC1COCO1,CCC1COCO1,CC12CCC3C(CO1)C32,False,False
102692,valid,67733,train,exact_isomeric,1,CCCC(C)OCC,CCCC(C)OCC,CCCC(C)OCC,"Pentane, 2-ethoxy-",067734,CC12OCCC1C2C#C,True,CCCC(C)OCC,CCCC(C)OCC,C#CC1C2CCOC12C,False,False
92831,train,75224,valid,connectivity,1,CCOC(=O)C(C)O,CCOC(=O)[C@H](C)O,CCOC(=O)C(C)O,(L)-ethyl lactate,075225,CC1C2CN1C2C1CO1,True,CCOC(=O)[C@H](C)O,CCOC(=O)C(C)O,CC1C2CN1C2C1CO1,False,False
138227,train,79043,train,exact_isomeric,1,C=C=COC=C,C=COC=C=C,C=COC=C=C,Vinyl allenyl ether,079044,CC1CC(=O)C(N1)C#C,True,C=C=COC=C,C=C=COC=C,C#CC1NC(C)CC1=O,False,False
140114,train,79285,valid,exact_isomeric,1,CC(C)OOC(C)C,CC(C)OOC(C)C,CC(C)OOC(C)C,"Peroxide, bis(1-methylethyl)",079286,CN1CC(C)(C)C1C=O,True,CC(C)OOC(C)C,CC(C)OOC(C)C,CN1CC(C)(C)C1C=O,False,False
137995,test,79476,valid,exact_isomeric,1,CC(C)C1CC1,CC(C)C1CC1,CC(C)C1CC1,"Cyclopropane, (1-methylethyl)-",079477,CC1CC(C)=CC1C=O,True,CC(C)C1CC1,CC(C)C1CC1,CC1=CC(C=O)C(C)C1,False,False
79049,train,79502,train,exact_isomeric,1,CCC(C)OC=O,CCC(C)OC=O,CCC(C)OC=O,sec-Butyl formate,079503,CC1OC(C)C(=O)C1=O,True,CCC(C)OC=O,CCC(C)OC=O,CC1OC(C)C(=O)C1=O,False,False
6427663,valid,79553,test,connectivity,1,CCCC1CC1C,CCC[C@H]1C[C@@H]1C,CCCC1CC1C,trans-1-Methyl-2-propylcyclopropane,079554,CC1CC(O)C(C)(C)O1,True,CCC[C@H]1C[C@@H]1C,CCCC1CC1C,CC1CC(O)C(C)(C)O1,False,False
102852,valid,82076,train,exact_isomeric,1,CC1CCCN(C=O)C1,CC1CCCN(C1)C=O,CC1CCCN(C1)C=O,3-Methylpiperidine-1-carbaldehyde,082077,CC1CC1N=C(N)C#N,True,CC1CCCN(C=O)C1,CC1CCCN(C=O)C1,CC1CC1N=C(N)C#N,False,False
522009,train,82677,train,exact_isomeric,1,CCC1CCC(C)(C)C1,CCC1CCC(C1)(C)C,CCC1CCC(C)(C)C1,"3-Ethyl-1,1-dimethylcyclopentane",082678,CC1CC2(O)CCOC12,True,CCC1CCC(C)(C)C1,CCC1CCC(C)(C)C1,CC1CC2(O)CCOC12,False,False
136607,train,82977,train,exact_isomeric,1,CC12CC3CC(CC(C3)C1)C2,CC12CC3CC(C1)CC(C3)C2,CC12CC3CC(C1)CC(C3)C2,1-Methyladamantane,082978,CC1CC2(CC2)OC1C,True,CC12CC3CC(CC(C3)C1)C2,CC12CC3CC(CC(C3)C1)C2,CC1CC2(CC2)OC1C,False,False
137031,train,83598,test,exact_isomeric,1,CC1=CCC1,CC1=CCC1,CC1=CCC1,1-Methylcyclobutene,083599,CC1CC2C(C=O)C12C,True,CC1=CCC1,CC1=CCC1,CC1CC2C(C=O)C12C,False,False
135988,train,83778,train,exact_isomeric,1,C1CCC2(CC1)CC2,C1CCC2(CC1)CC2,C1CC11CCCCC1,"Spiro(2,5)octane",083779,NC(=O)N1C2CC(O)C12,True,C1CCC2(CC1)CC2,C1CCC2(CC1)CC2,NC(=O)N1C2CC(O)C21,False,False
105362,train,85564,train,exact_isomeric,1,Cc1cccc(S(=O)(=O)O)c1,CC1=CC(=CC=C1)S(=O)(=O)O,CC1=CC(=CC=C1)S(=O)(=O)O,m-Toluenesulfonic acid,085565,CC12CCOC1CC2O,True,Cc1cccc(S(=O)(=O)O)c1,Cc1cccc(S(=O)(=O)O)c1,CC12CCOC1CC2O,False,False
91214,train,85778,train,exact_isomeric,1,C=CC(C)=[CH][AlH2],CC(=C[AlH2])C=C,C=CC(C)=C[AlH2],Isoprenyl aluminum,085779,CC1CC=C2CN3C1C23,True,C=CC(C)=[CH][AlH2],C=CC(C)=[CH][AlH2],CC1CC=C2CN3C2C13,False,False
75569,train,87426,valid,exact_isomeric,1,COC(=O)c1ccccn1,COC(=O)C1=CC=CC=N1,COC(=O)C1=CC=CC=N1,2-Carbomethoxypyridine,087427,CC1CCC1OC(N)=O,True,COC(=O)c1ccccn1,COC(=O)c1ccccn1,CC1CCC1OC(N)=O,False,False
123320,train,87510,train,exact_isomeric,1,FP(F)(=S)Br,FP(=S)(F)Br,FP(=S)(F)Br,Phosphorothioic bromide difluoride,087511,CC1OCC2(C)NC12C,True,FP(F)(=S)Br,FP(F)(=S)Br,CC1OCC2(C)NC12C,False,False
76153,train,87852,test,exact_isomeric,1,COc1cnc(C)cn1,CC1=CN=C(C=N1)OC,COC1=NC=C(C)N=C1,2-Methoxy-5-methylpyrazine,087853,CC1CCC2OC(=N)C12,True,COc1cnc(C)cn1,COc1cnc(C)cn1,CC1CCC2OC(=N)C12,False,False
75014,valid,88439,train,exact_isomeric,1,Nc1cccc(Cl)c1F,C1=CC(=C(C(=C1)Cl)F)N,C1=CC(=C(C(=C1)Cl)F)N,3-Chloro-2-fluoroaniline,088440,CN1CCOC(=N)C=C1,True,Nc1cccc(Cl)c1F,Nc1cccc(Cl)c1F,CN1C=CC(=N)OCC1,False,False
93094,train,88926,train,exact_isomeric,1,CN1COCN(C)C1=S,CN1COCN(C1=S)C,CN1COCN(C)C1=S,"3,5-Dimethylhexahydro-1,3,5-oxadiazine-4-thione",088927,OC1COCC2OCC12,True,CN1COCN(C)C1=S,CN1COCN(C)C1=S,OC1COCC2OCC12,False,False
638119,train,89902,test,connectivity,1,CC(=O)C(C)Cl,C[C@H](C(=O)C)Cl,CC(=O)C(C)Cl,(R)-3-Chlorbutan-2-on,089903,CN=C1OCOCC=C1,True,CC(=O)[C@@H](C)Cl,CC(=O)C(C)Cl,CN=C1C=CCOCO1,False,False
67710,train,90768,train,connectivity,1,N#CC(F)(F)F,C(#N)C(F)(F)F,[14C](#N)C(F)(F)F,Trifluoroacetonitrile,090769,CCC(=O)C(O)C(C)O,True,N#CC(F)(F)F,N#[14C]C(F)(F)F,CCC(=O)C(O)C(C)O,False,False
75990,train,95916,train,exact_isomeric,1,O=C(Cl)SCl,C(=O)(SCl)Cl,O=C(Cl)SCl,(Chlorothio)formyl chloride,095917,CCC1(C)CC1OC=O,True,O=C(Cl)SCl,O=C(Cl)SCl,CCC1(C)CC1OC=O,False,False
93185,valid,96858,train,exact_isomeric,1,O=NN1CCCOC1,C1CN(COC1)N=O,O=NN1CCCOC1,"3-Nitrosotetrahydro-1,3-oxazine",096859,CC1(C)CC1(CO)C#C,True,O=NN1CCCOC1,O=NN1CCCOC1,C#CC1(CO)CC1(C)C,False,False
78740,test,100219,train,exact_isomeric,1,NNCC(F)(F)F,C(C(F)(F)F)NN,C(C(F)(F)F)NN,"2,2,2-Trifluoroethylhydrazine",100220,CCC12CCC1OC2C,True,NNCC(F)(F)F,NNCC(F)(F)F,CCC12CCC1OC2C,False,False
108032,train,101970,valid,exact_isomeric,1,NC(=O)OC1CO1,C1C(O1)OC(=O)N,NC(=O)OC1CO1,Vinyl carbamate epoxide,101971,CN1C2C(CO)C2C1=O,True,NC(=O)OC1CO1,NC(=O)OC1CO1,CN1C(=O)C2C(CO)C21,False,False
87923,train,102005,train,exact_isomeric,1,Cc1cc(Cl)nnc1Cl,CC1=CC(=NN=C1Cl)Cl,CC1=CC(=NN=C1Cl)Cl,"3,6-Dichloro-4-methylpyridazine",102006,COC1C2C1C1OCC21,True,Cc1cc(Cl)nnc1Cl,Cc1cc(Cl)nnc1Cl,COC1C2C3COC3C12,False,False
139402,train,103349,train,exact_isomeric,1,N#CC(C#N)=C1SC(=O)S1,C(#N)C(=C1SC(=O)S1)C#N,C(#N)C(=C1SC(=O)S1)C#N,"1,3-Dithetan-2-one, 4-(dicyanomethylene)-",103350,OCC1C2CCC1C2O,True,N#CC(C#N)=C1SC(=O)S1,N#CC(C#N)=C1SC(=O)S1,OCC1C2CCC1C2O,False,False
97858,train,103363,test,exact_isomeric,1,O=C(O)C1C=CCN1,C1C=CC(N1)C(=O)O,O=C(O)C1C=CCN1,"3,4-Dehydroproline",103364,COC1C2COC1OC2,True,O=C(O)C1C=CCN1,O=C(O)C1C=CCN1,COC1C2COC1OC2,False,False
99558,valid,103423,valid,exact_isomeric,1,NCCSCC(N)C(=O)O,C(CSC[C@@H](C(=O)O)N)N,NCCSC[C@H](N)C(=O)O,S-(2-Aminoethyl)-L-cysteine,103424,CCC1C2COCOC12,True,NCCSC[C@H](N)C(=O)O,NCCSC[C@H](N)C(=O)O,CCC1C2COCOC12,False,False
107802,valid,103765,train,exact_isomeric,1,CCC(O)CC(=O)O,CCC(CC(=O)O)O,CCC(CC(=O)O)O,3-Hydroxyvaleric acid,103766,OCC1NC(=O)C1C#C,True,CCC(O)CC(=O)O,CCC(O)CC(=O)O,C#CC1C(=O)NC1CO,False,False
107211,train,103976,valid,connectivity,1,CC(C)(C)C(O)C(=O)O,CC(C)(C)C(C(=O)O)O,CC(C)(C)[C@@H](C(=O)O)O,"Butanoic acid, 2-hydroxy-3,3-dimethyl-",103977,CCC1OC(=N)CC=C1,True,CC(C)(C)C(O)C(=O)O,CC(C)(C)[C@H](O)C(=O)O,CCC1C=CCC(=N)O1,False,False
78875,train,105047,test,exact_isomeric,1,C=CNC(C)=O,CC(=O)NC=C,C=CNC(C)=O,N-Vinylacetamide,105048,OCC1OC1C#CC#N,True,C=CNC(C)=O,C=CNC(C)=O,N#CC#CC1OC1CO,False,False
138863,valid,107439,valid,exact_isomeric,1,CC[Si](C)(C)Cl,CC[Si](C)(C)Cl,CC[Si](C)(C)Cl,Ethyldimethylchlorosilane,107440,CCC1CC(C)OCO1,True,CC[Si](C)(C)Cl,CC[Si](C)(C)Cl,CCC1CC(C)OCO1,False,False
83329,train,110099,train,exact_isomeric,1,O=P12OB(O1)O2,B12OP(=O)(O1)O2,O=P12OB(O1)O2,Boron phosphate (B(PO4)),110100,CCC1(COC)CCC1,True,O=P12OB(O1)O2,O=P12OB(O1)O2,CCC1(COC)CCC1,False,False
105408,train,113195,train,exact_isomeric,1,CCC(=O)NCCS,CCC(=O)NCCS,CCC(=O)NCCS,"Propanamide, N-(2-mercaptoethyl)-",113196,COCCC1CC(C)O1,True,CCC(=O)NCCS,CCC(=O)NCCS,COCCC1CC(C)O1,False,False
110861,train,115044,train,exact_isomeric,1,OC(CS)CCl,C(C(CCl)O)S,C(C(CCl)O)S,1-Chloro-3-mercapto-2-propanol,115045,CC(C)C1=CC(C)=NN1,True,OC(CS)CCl,OC(CS)CCl,Cc1cc(C(C)C)[nH]n1,False,False
94746,train,118718,train,exact_isomeric,1,CC1(C)CCOC1=O,CC1(CCOC1=O)C,CC1(C)CCOC1=O,"2,2-Dimethyl-4-butyrolactone",118719,COC1=NNC(=O)N1C,True,CC1(C)CCOC1=O,CC1(C)CCOC1=O,COc1n[nH]c(=O)n1C,False,False
533982,train,123666,valid,exact_isomeric,1,C=COP(=O)(OC)OC,COP(=O)(OC)OC=C,C=COP(=O)(OC)OC,Dimethyl vinyl phosphate,123667,COCC1NC1(C)C,True,C=COP(=O)(OC)OC,C=COP(=O)(OC)OC,COCC1NC1(C)C,False,False
86500,valid,123709,train,exact_isomeric,1,COP(=O)(OC)OC=CCl,COP(=O)(OC)OC=CCl,COP(=O)(OC)OC=CCl,2-Chloroethenyl dimethyl phosphate,123710,CN1CC(=O)NC1=N,True,COP(=O)(OC)OC=CCl,COP(=O)(OC)OC=CCl,CN1CC(=O)NC1=N,False,False
